  85150,0.9999948
  85350,0.9999793
 264890,0.9999222
 264920,0.9998963
 264930,0.9998237
 264940,0.9998185
 264990,0.9997771
 265010,0.9995697
 265020,0.9995593
 265040,0.9995489
 265060,0.9994764
 265070,0.9994297
 265090,0.9994193
 265100,0.9993416
 265140,0.9993001
 265230,0.9992482
 265330,0.9991964
 265340,0.9991912
 265350,0.9991808
 265370,0.9991238
 265380,0.9991186
 265390,0.9991031
 265420,0.9990512
 265430,0.9990460
 265450,0.9989372
 265490,0.9989268
 265500,0.9989164
 265510,0.9989112
 265540,0.9986727
 265620,0.9986261
 265640,0.9985742
 265700,0.9984654
 265720,0.9983876
 265730,0.9983617
 265740,0.9982943
 265790,0.9982424
 265850,0.9981024
 265890,0.9980558
 265900,0.9980454
 265920,0.9979625
 265930,0.9979262
 265950,0.9979106
 265960,0.9978588
 265970,0.9978484
 265990,0.9978380
 266010,0.9978225
 266020,0.9978017
 266030,0.9977499
 266080,0.9977395
 266110,0.9977136
 266150,0.9977084
 266160,0.9976877
 266170,0.9976307
 266200,0.9976203
 266210,0.9975788
 266220,0.9975581
 266230,0.9975529
 266300,0.9975166
 266330,0.9974544
 266350,0.9974440
 266370,0.9974025
 266380,0.9973818
 266390,0.9973092
 266410,0.9972885
 266440,0.9972729
 266450,0.9972677
 266460,0.9972366
 266470,0.9971226
 266480,0.9971122
 266490,0.9971018
 266510,0.9970759
 266520,0.9512650
 266530,0.9512599
 266540,0.9511976
 266560,0.9511873
 266570,0.9511665
 266580,0.9511095
 266590,0.9510680
 266610,0.9509643
 266620,0.9509332
 266630,0.9498341
 266640,0.9497200
 266650,0.9497045
 266660,0.9496630
 266670,0.9496423
 266680,0.9496319
 266690,0.9496215
 266700,0.9496163
 266730,0.9495904
 266740,0.9495749
 266770,0.9494971
 266780,0.9494764
 266800,0.9494660
 266820,0.9487453
 266830,0.9487350
 266860,0.9487142
 266880,0.9486883
 266890,0.9486831
 266900,0.9486727
 266920,0.9486676
 266930,0.9486572
 266980,0.9486520
 267000,0.9486313
 267030,0.9486261
 267040,0.9486209
 267050,0.9486157
 267060,0.9486105
 267080,0.9485639
 267090,0.9485587
 267110,0.9485535
 267130,0.9485224
 267140,0.9485172
 267160,0.9484913
 267190,0.9484861
 267240,0.9484757
 267250,0.9484706
 267270,0.9484135
 267280,0.9483928
 267290,0.9483461
 267300,0.9483409
 267310,0.9483046
 267320,0.9482995
 267350,0.9482787
 267380,0.9482735
 267440,0.9482684
 267460,0.9482580
 267490,0.9482528
 267500,0.9482061
 267550,0.9482010
 267560,0.9481802
 267570,0.9481595
 267580,0.9481491
 267590,0.9481336
 267600,0.9480713
 267620,0.9480662
 267650,0.9480558
 267670,0.9480506
 267700,0.9480454
 267710,0.9480402
 267720,0.9480299
 267730,0.9480143
 267750,0.9479780
 267790,0.9479054
 267800,0.9478069
 267810,0.9477966
 267820,0.9477292
 267830,0.9477240
 267850,0.9477084
 267860,0.9476877
 267870,0.9476307
 267880,0.9476255
 267890,0.9476151
 267930,0.9476099
 267940,0.9476047
 267980,0.9475840
 267990,0.9475788
 268010,0.9475062
 268040,0.9474388
 268080,0.9474129
 268090,0.9474077
 268100,0.9473973
 268120,0.9473922
 268130,0.9473818
 268140,0.9473662
 268160,0.9473351
 268170,0.9472988
 268180,0.9472677
 268190,0.9470655
 268200,0.9470085
 268210,0.9469307
 268220,0.9468167
 268230,0.9467493
 268240,0.9467389
 268250,0.9467234
 268270,0.9466819
 268280,0.9465989
 268290,0.9465886
 268300,0.9465782
 268310,0.9465160
 268320,0.9464952
 268330,0.9464641
 268340,0.9464538
 268350,0.9463967
 268370,0.9463864
 268380,0.9463604
 268390,0.9463552
 268400,0.9461945
 268410,0.9461168
 268520,0.9460908
 268540,0.9460701
 268560,0.9460442
 268580,0.9460027
 268600,0.9459871
 268610,0.9459820
 268620,0.9459716
 268630,0.9459146
 268640,0.9458783
 268650,0.9458679
 268660,0.9458575
 268690,0.9458523
 268700,0.9458316
 268710,0.9457175
 268730,0.9457124
 268780,0.9456450
 268820,0.9456139
 268870,0.9455983
 268900,0.9455776
 268910,0.9455672
 268930,0.9455568
 268950,0.9455153
 268970,0.9454946
 268990,0.9454894
 269020,0.9453909
 269050,0.9453598
 269090,0.9453028
 269110,0.9452924
 269120,0.9452406
 269130,0.9452354
 269140,0.9452302
 269150,0.9451783
 269170,0.9451732
 269180,0.9450436
 269200,0.9450384
 269210,0.9450280
 269220,0.9449088
 269230,0.9448465
 269240,0.9447584
 269250,0.9446392
 269260,0.9445614
 269270,0.9444732
 269280,0.9443747
 269300,0.9442399
 269310,0.9441363
 269320,0.9440637
 269330,0.9440118
 269340,0.9438822
 269350,0.9438200
 269360,0.9436022
 269370,0.9435037
 269380,0.9434934
 269400,0.9434830
 269410,0.9434052
 269420,0.9433378
 269430,0.9432756
 269440,0.9431978
 269450,0.9430993
 269460,0.9430527
 269470,0.9429334
 269480,0.9429231
 269490,0.9427986
 269510,0.9427312
 269520,0.9427105
 269530,0.9426172
 269540,0.9425861
 269550,0.9425653
 269560,0.9422905
 269570,0.9420935
 269580,0.9419898
 269590,0.9419535
 269610,0.9418550
 269620,0.9418291
 269630,0.9418032
 269640,0.9417202
 269650,0.9416269
 269660,0.9414040
 269670,0.9412847
 269680,0.9412173
 269690,0.9411603
 269710,0.9410100
 269720,0.9409633
 269730,0.9409426
 269750,0.9408803
 269760,0.9408544
 269770,0.9407974
 269780,0.9407507
 269790,0.9406522
 269800,0.9406056
 269850,0.9405278
 269890,0.9404137
 269900,0.9403774
 269920,0.9402841
 269930,0.9402167
 269940,0.9401752
 269950,0.9401545
 269960,0.9399160
 269970,0.9397657
 269980,0.9397553
 269990,0.9395168
 270000,0.9394857
 270020,0.9394598
 270030,0.9394027
 270040,0.9393146
 270050,0.9391798
 270060,0.9391124
 270070,0.9390294
 270080,0.9388998
 270090,0.9386821
 270100,0.9385369
 270110,0.9385162
 270130,0.9382258
 270140,0.9381636
 270150,0.9381273
 270160,0.9380859
 270170,0.9380236
 270180,0.9378629
 270190,0.9378318
 270200,0.9378007
 270210,0.9376452
 270230,0.9375933
 270240,0.9374430
 270250,0.9373704
 270260,0.9373496
 270270,0.9371526
 270280,0.9371060
 270290,0.9370645
 270300,0.9369504
 270330,0.9368934
 270410,0.9356647
 270420,0.9354054
 270440,0.9353432
 270450,0.9351981
 270460,0.9351669
 270470,0.9350840
 270480,0.9350062
 270490,0.9348403
 270520,0.9346329
 270540,0.9340782
 270550,0.9339952
 270560,0.9339797
 270570,0.9339745
 270580,0.9339538
 270600,0.9338501
 270610,0.9333316
 270620,0.9332901
 270640,0.9332798
 270650,0.9330205
 270660,0.9326213
 270670,0.9326058
 270680,0.9325902
 270690,0.9325850
 270700,0.9325487
 270710,0.9325332
 270720,0.9325280
 270730,0.9325176
 270760,0.9324606
 270780,0.9324295
 270800,0.9323828
 270820,0.9323465
 270830,0.9323206
 270850,0.9323102
 270870,0.9322014
 270890,0.9321547
 270900,0.9321443
 270910,0.9320977
 270920,0.9320925
 270930,0.9320873
 270960,0.9320821
 270970,0.9320769
 271010,0.9320303
 271020,0.9320251
 271030,0.9319007
 271040,0.9318851
 271070,0.9315948
 271080,0.9315585
 271090,0.9312889
 271100,0.9311956
 271130,0.9311645
 271140,0.9311489
 271160,0.9309934
 271180,0.9309052
 271210,0.9308534
 271220,0.9308378
 271240,0.9308067
 271260,0.9307860
 271270,0.9307808
 271280,0.9305890
 271290,0.9305838
 271300,0.9305060
 271310,0.9303505
 271320,0.9302520
 271330,0.9301898
 271340,0.9301379
 271350,0.9301224
 271380,0.9301172
 271390,0.9300290
 271400,0.9297387
 271410,0.9296920
 271420,0.9296869
 271430,0.9296039
 271440,0.9295313
 271450,0.9294069
 271490,0.9293810
 271520,0.9293758
 271530,0.9293291
 271540,0.9292254
 271580,0.9292099
 271590,0.9291839
 271600,0.9291632
 271610,0.9291425
 271620,0.9291010
 271630,0.9290803
 271640,0.9283700
 271650,0.9282818
 271660,0.9280382
 271680,0.9278671
 271690,0.9278515
 271710,0.9277997
 271720,0.9277737
 271730,0.9277530
 271740,0.9277478
 271780,0.9276960
 271800,0.9276701
 271810,0.9276649
 271820,0.9276597
 271830,0.9275197
 271840,0.9275041
 271850,0.9274316
 271890,0.9274056
 271900,0.9273434
 271910,0.9273123
 271920,0.9273071
 271930,0.9272968
 271940,0.9272916
 271950,0.9272864
 271970,0.9272345
 272000,0.9272294
 272020,0.9271983
 272030,0.9271879
 272040,0.9271672
 272070,0.9271620
 272090,0.9270842
 272110,0.9269494
 272120,0.9269079
 272150,0.9267161
 272160,0.9266539
 272170,0.9265968
 272230,0.9265813
 272260,0.9265709
 272270,0.9265657
 272280,0.9265502
 272300,0.9265346
 272310,0.9264258
 272330,0.9262910
 272340,0.9262806
 272360,0.9262287
 272370,0.9262236
 272380,0.9262132
 272440,0.9261717
 272510,0.9261354
 272550,0.9261043
 272580,0.9260525
 272590,0.9259851
 272630,0.9259591
 272670,0.9259073
 272730,0.9258866
 272750,0.9258555
 272820,0.9258192
 272840,0.9257881
 272880,0.9257258
 272940,0.9256688
 272950,0.9256170
 272980,0.9254614
 272990,0.9253940
 273030,0.9253577
 273070,0.9251970
 273090,0.9251815
 273180,0.9250985
 273240,0.9250778
 273260,0.9249533
 273270,0.9249015
 273300,0.9248704
 273330,0.9248548
 273360,0.9248134
 273380,0.9247874
 273500,0.9246682
 273520,0.9245697
 273550,0.9245075
 273560,0.9244660
 273570,0.9244297
 273610,0.9243830
 273680,0.9242482
 273710,0.9241497
 273740,0.9240823
 273770,0.9240305
 273790,0.9239838
 273820,0.9239579
 273830,0.9239320
 273890,0.9238957
 273970,0.9238594
 274000,0.9238179
 274090,0.9237609
 274100,0.9235898
 274140,0.9235172
 274200,0.9234602
 274210,0.9234343
 274230,0.9234291
 274240,0.9233876
 274270,0.9232787
 274300,0.9232528
 274330,0.9232217
 274370,0.9231439
 274380,0.9230713
 274420,0.9230558
 274490,0.9230039
 274550,0.9229521
 274600,0.9228743
 274620,0.9228277
 274630,0.9227136
 274700,0.9226047
 274740,0.9224440
 274760,0.9223662
 274780,0.9222988
 274810,0.9222314
 274820,0.9221433
 274850,0.9220863
 274860,0.9220344
 274880,0.9219826
 274900,0.9218944
 274910,0.9218893
 274940,0.9218322
 274960,0.9217648
 275030,0.9217130
 275050,0.9217078
 275120,0.9217026
 275130,0.9216871
 275140,0.9216819
 275210,0.9216404
 275250,0.9215886
 275320,0.9214849
 275350,0.9212256
 275360,0.9212204
 275370,0.9211582
 275380,0.9210805
 275420,0.9208264
 275430,0.9208161
 275450,0.9208005
 275460,0.9206294
 275480,0.9206087
 275500,0.9205983
 275510,0.9205879
 275520,0.9205568
 275640,0.9200021
 275690,0.9199450
 275720,0.9199295
 275740,0.9198932
 275770,0.9198828
 275870,0.9198258
 275890,0.9198102
 275930,0.9197947
 275990,0.9197688
 276060,0.9197377
 276070,0.9196806
 276080,0.9196340
 276180,0.9195925
 276190,0.9195873
 276250,0.9195821
 276300,0.9195614
 276320,0.9195095
 276360,0.9194784
 276370,0.9194629
 276380,0.9194473
 276400,0.9192607
 276450,0.9192555
 276490,0.9191622
 276500,0.9191207
 276510,0.9191155
 276580,0.9190740
 276600,0.9190377
 276630,0.9190118
 276650,0.9189600
 276670,0.9188563
 276720,0.9188200
 276760,0.9188044
 276790,0.9187785
 276800,0.9182808
 276840,0.9179749
 276850,0.9178920
 276860,0.9178868
 276890,0.9178090
 276940,0.9177520
 276960,0.9175601
 276970,0.9175083
 276990,0.9174772
 277010,0.9174513
 277030,0.9173735
 277060,0.9172854
 277110,0.9172698
 277160,0.9172439
 277290,0.9170987
 277300,0.9170261
 277370,0.9169276
 277380,0.9168965
 277410,0.9168602
 277570,0.9166788
 277600,0.9163573
 277680,0.9163521
 277690,0.9163314
 277710,0.9162588
 277730,0.9162381
 277750,0.9162122
 277790,0.9162018
 277800,0.9161914
 277830,0.9161707
 277850,0.9160877
 277880,0.9160670
 277890,0.9160618
 277900,0.9159944
 277920,0.9159840
 277930,0.9159737
 277940,0.9158026
 277980,0.9157974
 277990,0.9157144
 278000,0.9157041
 278030,0.9156937
 278040,0.9156885
 278060,0.9156004
 278110,0.9155952
 278140,0.9155278
 278160,0.9155226
 278180,0.9154811
 278190,0.9154759
 278210,0.9154656
 278260,0.9154604
 278290,0.9154085
 278300,0.9154034
 278320,0.9153826
 278330,0.9153204
 278340,0.9151856
 278360,0.9151701
 278390,0.9151338
 278400,0.9151234
 278440,0.9151027
 278450,0.9150923
 278460,0.9150301
 278490,0.9150249
 278500,0.9150145
 278530,0.9149990
 278550,0.9149886
 278560,0.9149730
 278570,0.9149471
 278580,0.9149316
 278600,0.9149160
 278610,0.9147812
 278620,0.9147553
 278650,0.9147345
 278670,0.9147086
 278740,0.9146205
 278800,0.9145686
 278840,0.9145012
 278880,0.9144650
 278910,0.9144079
 278920,0.9143716
 278940,0.9143302
 278980,0.9142835
 279050,0.9142420
 279070,0.9142368
 279080,0.9142316
 279090,0.9142109
 279110,0.9142057
 279130,0.9142005
 279160,0.9141798
 279180,0.9141435
 279200,0.9140968
 279220,0.9140917
 279230,0.9139776
 279260,0.9139620
 279290,0.9139569
 279300,0.9139517
 279420,0.9139102
 279430,0.9138532
 279450,0.9137443
 279480,0.9137339
 279490,0.9137184
 279580,0.9136873
 279650,0.9136510
 279670,0.9136251
 279680,0.9135473
 279700,0.9135421
 279710,0.9135214
 279730,0.9134695
 279740,0.9134591
 279750,0.9133555
 279790,0.9133295
 279800,0.9133088
 279820,0.9133036
 279840,0.9132569
 279850,0.9132207
 279870,0.9131844
 280010,0.9131792
 280050,0.9131221
 280070,0.9131118
 280120,0.9131066
 280130,0.9131014
 280200,0.9130962
 280220,0.9130029
 280230,0.9129977
 280280,0.9129770
 280290,0.9129718
 280320,0.9129251
 280330,0.9129200
 280350,0.9128318
 280380,0.9128163
 280390,0.9128111
 280440,0.9127540
 280460,0.9126970
 280470,0.9126348
 280490,0.9125622
 280500,0.9125570
 280510,0.9125518
 280570,0.9125467
 280580,0.9124948
 280590,0.9124844
 280610,0.9124741
 280620,0.9124430
 280630,0.9123963
 280670,0.9123704
 280680,0.9123185
 280700,0.9122874
 280740,0.9121941
 280770,0.9121889
 280780,0.9121267
 280810,0.9120904
 280820,0.9120230
 280830,0.9120178
 280850,0.9119867
 280870,0.9119660
 280890,0.9119504
 280900,0.9117534
 280930,0.9117171
 280990,0.9116912
 281060,0.9116653
 281150,0.9115979
 281180,0.9115771
 281210,0.9115720
 281220,0.9114631
 281290,0.9114527
 281310,0.9113490
 281320,0.9111727
 281390,0.9111468
 281410,0.9111416
 281420,0.9111209
 281430,0.9110691
 281450,0.9110587
 281470,0.9109343
 281490,0.9108513
 281500,0.9107891
 281510,0.9107217
 281530,0.9107165
 281550,0.9107113
 281570,0.9106543
 281600,0.9105921
 281610,0.9105869
 281620,0.9105765
 281630,0.9105506
 281650,0.9104936
 281700,0.9104832
 281720,0.9104780
 281740,0.9103951
 281810,0.9103277
 281820,0.9103069
 281840,0.9102603
 281850,0.9101825
 281860,0.9101618
 281870,0.9101462
 281880,0.9101307
 281900,0.9101203
 281920,0.9100995
 281930,0.9100166
 281950,0.9098973
 282020,0.9098559
 282120,0.9098040
 282140,0.9097988
 282150,0.9097211
 282160,0.9097159
 282170,0.9096329
 282180,0.9096174
 282190,0.9095292
 282230,0.9094152
 282260,0.9093789
 282300,0.9093374
 282320,0.9092959
 282380,0.9092389
 282430,0.9091767
 282460,0.9090626
 282480,0.9086893
 282500,0.9086323
 282520,0.9074969
 282530,0.9074917
 282540,0.9074865
 282550,0.9074139
 282590,0.9073569
 282600,0.9073051
 282610,0.9072999
 282640,0.9072843
 282670,0.9072791
 282700,0.9072740
 282710,0.9072014
 282750,0.9057756
 282760,0.9057497
 282790,0.9057341
 282830,0.9057290
 282850,0.9056719
 282870,0.9056460
 282890,0.9055993
 282920,0.9055942
 282950,0.9055890
 282960,0.9055268
 282970,0.9041477
 282990,0.9041425
 283000,0.9041373
 283020,0.9041217
 283040,0.9041165
 283050,0.9041114
 283060,0.9041062
 283090,0.9040388
 283100,0.9040336
 283110,0.9040077
 283120,0.9035981
 283150,0.9024264
 283200,0.9023486
 283230,0.9023434
 283270,0.9022864
 283300,0.9022190
 283320,0.9021879
 283330,0.9021827
 283360,0.9021775
 283390,0.9021568
 283430,0.9021205
 283570,0.9021049
 283610,0.9020998
 283640,0.9020479
 283670,0.9020324
 283760,0.9019546
 283770,0.9018561
 283820,0.9017990
 283850,0.9017939
 283870,0.9017887
 283890,0.9017783
 283900,0.9017731
 283920,0.9017265
 283950,0.9016124
 284120,0.9015813
 284210,0.9015606
 284220,0.9015243
 284300,0.9014465
 284500,0.9014050
 284600,0.9013739
 284640,0.9013221
 284660,0.9013065
 284670,0.9012391
 284700,0.9012287
 284720,0.9011925
 284730,0.9011873
 284740,0.9011821
 284750,0.9010888
 284780,0.9010110
 285040,0.9010058
 285070,0.9009954
 285080,0.9009903
 285090,0.9009695
 285110,0.9009540
 285120,0.9009488
 285290,0.9009280
 285310,0.9009229
 285320,0.9009177
 285330,0.9008399
 285340,0.9007466
 285550,0.9006429
 285570,0.9006170
 285780,0.9006118
 285790,0.9005859
 285800,0.9005651
 285810,0.9005599
 285840,0.9005496
 285860,0.9005340
 285870,0.9005236
 285880,0.9003681
 286040,0.9003422
 286050,0.9003111
 286100,0.9002592
 286150,0.9002540
 286200,0.9002437
 286210,0.9002385
 286220,0.9002333
 286240,0.9002281
 286490,0.9002229
 286510,0.9002126
 286520,0.9002074
 286550,0.9002022
 286570,0.9001918
 286590,0.9001866
 286600,0.9001815
 286610,0.9001711
 286670,0.9000881
 286680,0.8999793
 286810,0.8998445
 286860,0.8998393
 286880,0.8998030
 287140,0.8997719
 287170,0.8997615
 287180,0.8997408
 287190,0.8997356
 287230,0.8997304
 287240,0.8997252
 287350,0.8995230
 287430,0.8993986
 287480,0.8992586
 287500,0.8992068
 287530,0.8991964
 287550,0.8991705
 287570,0.8991601
 287610,0.8991342
 287620,0.8991290
 287630,0.8990927
 287670,0.8990460
 287710,0.8990046
 287790,0.8989786
 287840,0.8989683
 287850,0.8989527
 287860,0.8989475
 287870,0.8988905
 287880,0.8988801
 287900,0.8988179
 287930,0.8987920
 287970,0.8987557
 288060,0.8987039
 288080,0.8986779
 288140,0.8986313
 288180,0.8986002
 288280,0.8985587
 288380,0.8984913
 288440,0.8984394
 288450,0.8984343
 288480,0.8984291
 288490,0.8984135
 288500,0.8983409
 288520,0.8983306
 288530,0.8981854
 288540,0.8980921
 288560,0.8980506
 288570,0.8980143
 288580,0.8980091
 288590,0.8979988
 288620,0.8979936
 288630,0.8979884
 288640,0.8979832
 288680,0.8979469
 288750,0.8978484
 288790,0.8978225
 288910,0.8978121
 288970,0.8977343
 289010,0.8976929
 289030,0.8975995
 289050,0.8975944
 289070,0.8975529
 289080,0.8975114
 289090,0.8974907
 289100,0.8974855
 289110,0.8973144
 289180,0.8972833
 289200,0.8972522
 289220,0.8971796
 289290,0.8971537
 289320,0.8971485
 289350,0.8971433
 289360,0.8970655
 289380,0.8970552
 289430,0.8970500
 289450,0.8969411
 289470,0.8969048
 289480,0.8968996
 289490,0.8968944
 289500,0.8968478
 289630,0.8968219
 289660,0.8967648
 289680,0.8967545
 289700,0.8965782
 289710,0.8964693
 289730,0.8964175
 289860,0.8963241
 289920,0.8962723
 290110,0.8961634
 290120,0.8961479
 290130,0.8961427
 290140,0.8961323
 290150,0.8961271
 290170,0.8961219
 290190,0.8960856
 290220,0.8960753
 290230,0.8960131
 290240,0.8960079
 290250,0.8958835
 290270,0.8958731
 290280,0.8957901
 290290,0.8957590
 290310,0.8957072
 290350,0.8956398
 290550,0.8955931
 290590,0.8955620
 290600,0.8955257
 290610,0.8955205
 290620,0.8954842
 290630,0.8954739
 290660,0.8954583
 290690,0.8954117
 290700,0.8954013
 290720,0.8953909
 290740,0.8953857
 290760,0.8953287
 290770,0.8953235
 290790,0.8952302
 290800,0.8951576
 290830,0.8950643
 290890,0.8950073
 291020,0.8949658
 291040,0.8949347
 291100,0.8948932
 291150,0.8948206
 291210,0.8947895
 291230,0.8947117
 291280,0.8946599
 291320,0.8945718
 291350,0.8945666
 291360,0.8945562
 291370,0.8945147
 291380,0.8944940
 291390,0.8944888
 291430,0.8944836
 291440,0.8944784
 291470,0.8944525
 291480,0.8944266
 291540,0.8944110
 291550,0.8943125
 291570,0.8942918
 291600,0.8942710
 291660,0.8942036
 291670,0.8941725
 291690,0.8940844
 291730,0.8939859
 291740,0.8939237
 291780,0.8938718
 291830,0.8938252
 291890,0.8936852
 291900,0.8936489
 291910,0.8935815
 291940,0.8935245
 291970,0.8934830
 291980,0.8933586
 292010,0.8933275
 292060,0.8933015
 292100,0.8932497
 292110,0.8932393
 292130,0.8932290
 292150,0.8932186
 292160,0.8931771
 292170,0.8931564
 292190,0.8931097
 292250,0.8930527
 292260,0.8929179
 292290,0.8928868
 292300,0.8927779
 292340,0.8927312
 292390,0.8926742
 292410,0.8926224
 292420,0.8926068
 292440,0.8925757
 292460,0.8925601
 292490,0.8925498
 292500,0.8925342
 292510,0.8925290
 292520,0.8924876
 292570,0.8924616
 292620,0.8924305
 292630,0.8923735
 292650,0.8922543
 292680,0.8921920
 292750,0.8921402
 292770,0.8920002
 292790,0.8919691
 292810,0.8919380
 292820,0.8918602
 292900,0.8917825
 292920,0.8917565
 292940,0.8916839
 292970,0.8916425
 292980,0.8916062
 293010,0.8915751
 293020,0.8915284
 293070,0.8914869
 293120,0.8914610
 293130,0.8913884
 293190,0.8913573
 293200,0.8913107
 293230,0.8912122
 293240,0.8911914
 293270,0.8911603
 293290,0.8910566
 293310,0.8910203
 293340,0.8909426
 293370,0.8909270
 293400,0.8908596
 293410,0.8908181
 293490,0.8907144
 293520,0.8906418
 293540,0.8905952
 293580,0.8905693
 293640,0.8905330
 293660,0.8904397
 293720,0.8903930
 293740,0.8902893
 293790,0.8902582
 293810,0.8901908
 293870,0.8901856
 293900,0.8901389
 293990,0.8901182
 294010,0.8900612
 294020,0.8899212
 294080,0.8898797
 294120,0.8898434
 294210,0.8898071
 294260,0.8896049
 294270,0.8895583
 294310,0.8895012
 294320,0.8894079
 294330,0.8893509
 294350,0.8893405
 294390,0.8892524
 294430,0.8892057
 294460,0.8891642
 294470,0.8890968
 294480,0.8890606
 294520,0.8890243
 294560,0.8890035
 294580,0.8889828
 294590,0.8889413
 294610,0.8888843
 294640,0.8888428
 294670,0.8888169
 294740,0.8887754
 294790,0.8887287
 294820,0.8886821
 294830,0.8886302
 294840,0.8885317
 294870,0.8884332
 294900,0.8883399
 294970,0.8881584
 294990,0.8881118
 295000,0.8880703
 295050,0.8878214
 295090,0.8877592
 295100,0.8877178
 295170,0.8876555
 295180,0.8876192
 295230,0.8875778
 295240,0.8875518
 295290,0.8873704
 295360,0.8872978
 295400,0.8872511
 295420,0.8872148
 295440,0.8871786
 295480,0.8871267
 295520,0.8871008
 295590,0.8870593
 295620,0.8869867
 295650,0.8868416
 295680,0.8867793
 295770,0.8867016
 295780,0.8865149
 295810,0.8864942
 295850,0.8864320
 295870,0.8863853
 295880,0.8863179
 295900,0.8862713
 295930,0.8861105
 295980,0.8860483
 296030,0.8859343
 296080,0.8858513
 296110,0.8858150
 296160,0.8857943
 296180,0.8857476
 296190,0.8857010
 296220,0.8856698
 296240,0.8854625
 296290,0.8854417
 296310,0.8854106
 296330,0.8853640
 296410,0.8853432
 296430,0.8853225
 296440,0.8852603
 296450,0.8852395
 296490,0.8851669
 296520,0.8851047
 296540,0.8850684
 296640,0.8850114
 296680,0.8849855
 296720,0.8849492
 296730,0.8849336
 296790,0.8848611
 296820,0.8848403
 296830,0.8847263
 296850,0.8846848
 296890,0.8844567
 296950,0.8844307
 296960,0.8843996
 297000,0.8843374
 297010,0.8842389
 297050,0.8841922
 297100,0.8841352
 297110,0.8840678
 297130,0.8840367
 297160,0.8838708
 297200,0.8838501
 297230,0.8838086
 297280,0.8837619
 297310,0.8836790
 297350,0.8835908
 297410,0.8835753
 297450,0.8835234
 297480,0.8834768
 297510,0.8834457
 297530,0.8833835
 297570,0.8833679
 297640,0.8832487
 297650,0.8832020
 297690,0.8830050
 297720,0.8829635
 297750,0.8829168
 297800,0.8828754
 297860,0.8828494
 297880,0.8827717
 297900,0.8827146
 297920,0.8826991
 297960,0.8825695
 298020,0.8825487
 298050,0.8825280
 298100,0.8823984
 298150,0.8823828
 298160,0.8823258
 298180,0.8822480
 298200,0.8822221
 298260,0.8821806
 298310,0.8821340
 298350,0.8820925
 298370,0.8818955
 298410,0.8818488
 298420,0.8817296
 298490,0.8817140
 298540,0.8816518
 298560,0.8816207
 298580,0.8815740
 298610,0.8815222
 298660,0.8815066
 298710,0.8814185
 298760,0.8813355
 298780,0.8812889
 298830,0.8812474
 298870,0.8812267
 298900,0.8810608
 298930,0.8810297
 298960,0.8809623
 298970,0.8809052
 299010,0.8808586
 299060,0.8807601
 299070,0.8806978
 299100,0.8806667
 299110,0.8806408
 299180,0.8804127
 299210,0.8803712
 299230,0.8802572
 299240,0.8802364
 299280,0.8801638
 299330,0.8801483
 299340,0.8801120
 299390,0.8800861
 299420,0.8800290
 299520,0.8799927
 299540,0.8799305
 299580,0.8798579
 299610,0.8798372
 299620,0.8797750
 299630,0.8797543
 299650,0.8797335
 299730,0.8796869
 299750,0.8796557
 299780,0.8796350
 299820,0.8794276
 299840,0.8793965
 299880,0.8793499
 299890,0.8793032
 299910,0.8792825
 299950,0.8792462
 299990,0.8791632
 300030,0.8790491
 300090,0.8789869
 300130,0.8788262
 300160,0.8787796
 300190,0.8787122
 300200,0.8786655
 300220,0.8786033
 300250,0.8785825
 300280,0.8783959
 300300,0.8783181
 300380,0.8782559
 300420,0.8781107
 300440,0.8780382
 300470,0.8779967
 300540,0.8779708
 300580,0.8779189
 300630,0.8778826
 300640,0.8778463
 300660,0.8777997
 300710,0.8777271
 300770,0.8775456
 300830,0.8775197
 300840,0.8774782
 300880,0.8774419
 300890,0.8773797
 300960,0.8773382
 300970,0.8772760
 301020,0.8770272
 301060,0.8769857
 301070,0.8769390
 301090,0.8767576
 301160,0.8766642
 301190,0.8765657
 301230,0.8764672
 301240,0.8764154
 301250,0.8763687
 301270,0.8763221
 301330,0.8762806
 301390,0.8762547
 301430,0.8762132
 301460,0.8761562
 301470,0.8761147
 301480,0.8760939
 301500,0.8760732
 301550,0.8760369
 301580,0.8760006
 301590,0.8759332
 301600,0.8758917
 301640,0.8758451
 301670,0.8757569
 301710,0.8757466
 301740,0.8756895
 301750,0.8755962
 301760,0.8755392
 301790,0.8754925
 301800,0.8752903
 301860,0.8752540
 301950,0.8752178
 301980,0.8751763
 302050,0.8750363
 302060,0.8749793
 302080,0.8749585
 302170,0.8749119
 302190,0.8749067
 302260,0.8748393
 302280,0.8748082
 302320,0.8747045
 302340,0.8746578
 302400,0.8745645
 302420,0.8745282
 302490,0.8745023
 302520,0.8744556
 302540,0.8743830
 302580,0.8742793
 302650,0.8742379
 302670,0.8741705
 302700,0.8741549
 302720,0.8740771
 302750,0.8740409
 302780,0.8739372
 302800,0.8739061
 302820,0.8738853
 302830,0.8737868
 302860,0.8737401
 302880,0.8737090
 302930,0.8736365
 302940,0.8736105
 303000,0.8735691
 303040,0.8735224
 303050,0.8734913
 303090,0.8734550
 303100,0.8734135
 303120,0.8733409
 303140,0.8733150
 303160,0.8732372
 303240,0.8731595
 303250,0.8731284
 303270,0.8730973
 303300,0.8729573
 303320,0.8729054
 303380,0.8728432
 303420,0.8727240
 303430,0.8726669
 303440,0.8726358
 303500,0.8726099
 303540,0.8725684
 303550,0.8725633
 303560,0.8725477
 303570,0.8725373
 303580,0.8724803
 303600,0.8724388
 303610,0.8724233
 303620,0.8724181
 303630,0.8723611
 303640,0.8722988
 303670,0.8722418
 303690,0.8721951
 303720,0.8721744
 303740,0.8721640
 303760,0.8721070
 303770,0.8720966
 303780,0.8720448
 303810,0.8719100
 303870,0.8718789
 303910,0.8717130
 303940,0.8717026
 303950,0.8716456
 303970,0.8715782
 303980,0.8715419
 303990,0.8714693
 304000,0.8714434
 304090,0.8714019
 304100,0.8713501
 304120,0.8713397
 304130,0.8713034
 304150,0.8712878
 304160,0.8712464
 304170,0.8711790
 304190,0.8711634
 304240,0.8711168
 304250,0.8710908
 304280,0.8710856
 304330,0.8709768
 304340,0.8709301
 304350,0.8708161
 304360,0.8708057
 304370,0.8706709
 304390,0.8705465
 304400,0.8704635
 304410,0.8704168
 304430,0.8703287
 304440,0.8702354
 304450,0.8700850
 304460,0.8699658
 304470,0.8699502
 304480,0.8699243
 304490,0.8699088
 304510,0.8698051
 304540,0.8697532
 304590,0.8697273
 304600,0.8696288
 304610,0.8696184
 304620,0.8696080
 304640,0.8696029
 304650,0.8695458
 304660,0.8695355
 304670,0.8695303
 304680,0.8694681
 304690,0.8694577
 304700,0.8693384
 304710,0.8693333
 304720,0.8692140
 304740,0.8691311
 304750,0.8689600
 304760,0.8688044
 304770,0.8687681
 304790,0.8687578
 304800,0.8686852
 304840,0.8686230
 304850,0.8685245
 304860,0.8684882
 304880,0.8684208
 304890,0.8683689
 304900,0.8683430
 304910,0.8682704
 304920,0.8682497
 304930,0.8682082
 304950,0.8681771
 304960,0.8680786
 304990,0.8680423
 305000,0.8680371
 305020,0.8680112
 305080,0.8680060
 305090,0.8679231
 305110,0.8679075
 305120,0.8678920
 305280,0.8677986
 305290,0.8677934
 305300,0.8677364
 305320,0.8677312
 305340,0.8677209
 305370,0.8677105
 305400,0.8676949
 305430,0.8676690
 305440,0.8676638
 305460,0.8676586
 305470,0.8676224
 305490,0.8676172
 305520,0.8675912
 305530,0.8675601
 305540,0.8675394
 305680,0.8675238
 305780,0.8674927
 305790,0.8674046
 305800,0.8673942
 305810,0.8673683
 305820,0.8673631
 305840,0.8673528
 305880,0.8673424
 305900,0.8673372
 305910,0.8673320
 305920,0.8673165
 305930,0.8673061
 305940,0.8672750
 305950,0.8672439
 306050,0.8672335
 306100,0.8672283
 306130,0.8671765
 306150,0.8671557
 306200,0.8671195
 306250,0.8670987
 306270,0.8670054
 306360,0.8668291
 306390,0.8667876
 306410,0.8666891
 306420,0.8666269
 306430,0.8666010
 306570,0.8665958
 306580,0.8665906
 306600,0.8665647
 306610,0.8665336
 306620,0.8665232
 306630,0.8665180
 306670,0.8664921
 306680,0.8664558
 306700,0.8662899
 306710,0.8662640
 306720,0.8662588
 306730,0.8661914
 306740,0.8661396
 306750,0.8660825
 306770,0.8659788
 306790,0.8659477
 306810,0.8659218
 306820,0.8659166
 306830,0.8658233
 306840,0.8658181
 306850,0.8657766
 306880,0.8657404
 306950,0.8655693
 306960,0.8655071
 306970,0.8654345
 306980,0.8653878
 307010,0.8653671
 307020,0.8653411
 307150,0.8653308
 307430,0.8653256
 307440,0.8653204
 307450,0.8653152
 307470,0.8653049
 307480,0.8652997
 307530,0.8652063
 307540,0.8652012
 307550,0.8651908
 307560,0.8651856
 307570,0.8651701
 307580,0.8651649
 307610,0.8651597
 308170,0.8650975
 308180,0.8650871
 308190,0.8650301
 308200,0.8650249
 308210,0.8650093
 308220,0.8649990
 308440,0.8649938
 308460,0.8649679
 308490,0.8649575
 308510,0.8649316
 308530,0.8649212
 308710,0.8647190
 308820,0.8647138
 308830,0.8647086
 308880,0.8647034
 308890,0.8646983
 309390,0.8645894
 309400,0.8645064
 309450,0.8644961
 309460,0.8644909
 309470,0.8644857
 309500,0.8644753
 309520,0.8644701
 309540,0.8644650
 309550,0.8644546
 309570,0.8644494
 310180,0.8642939
 310190,0.8642835
 310200,0.8642679
 310230,0.8642576
 310250,0.8642524
 310260,0.8642316
 310270,0.8642057
 310280,0.8642005
 310730,0.8641072
 310740,0.8640294
 310750,0.8640243
 310760,0.8640191
 310770,0.8639983
 311310,0.8639050
 311330,0.8638998
 311350,0.8638635
 311370,0.8638532
 311400,0.8638376
 311470,0.8638065
 312110,0.8636925
 312140,0.8636458
 312160,0.8636406
 312180,0.8636302
 312200,0.8636251
 312210,0.8636199
 312310,0.8636043
 312400,0.8635888
 312420,0.8635369
 312500,0.8635214
 312710,0.8635162
 312730,0.8635110
 312740,0.8635058
 312760,0.8634384
 312830,0.8634332
 312920,0.8622615
 312940,0.8618519
 312960,0.8618467
 312970,0.8617793
 313010,0.8617742
 313020,0.8617690
 313030,0.8617638
 313040,0.8617482
 313060,0.8617431
 313070,0.8617379
 313090,0.8603588
 313120,0.8603536
 313140,0.8603484
 313220,0.8603432
 313240,0.8603380
 313270,0.8603225
 313300,0.8603173
 313320,0.8588915
 313350,0.8588190
 313360,0.8588138
 313390,0.8588086
 313450,0.8588034
 313470,0.8587982
 313530,0.8587930
 313540,0.8587878
 313550,0.8576835
 313560,0.8576265
 313580,0.8572532
 313640,0.8571910
 313760,0.8571495
 313870,0.8571443
 313880,0.8571288
 313900,0.8571236
 313920,0.8571184
 314050,0.8570769
 314110,0.8569577
 314140,0.8568955
 314150,0.8568747
 314170,0.8568644
 314180,0.8568488
 314190,0.8568333
 314210,0.8567555
 314220,0.8567088
 314250,0.8566881
 314350,0.8566829
 314370,0.8566725
 314410,0.8566155
 314450,0.8566051
 314460,0.8566000
 314470,0.8565377
 314510,0.8565326
 314530,0.8565274
 314560,0.8564600
 314570,0.8563978
 314580,0.8563148
 314610,0.8563044
 314640,0.8562837
 314660,0.8562785
 314680,0.8562630
 314740,0.8560867
 314760,0.8559830
 314780,0.8559726
 314850,0.8559674
 314890,0.8559467
 314910,0.8558793
 315200,0.8558586
 315210,0.8558482
 315230,0.8558430
 315290,0.8558223
 315300,0.8558171
 315320,0.8557238
 315390,0.8556719
 315400,0.8556460
 315430,0.8556408
 315440,0.8556097
 315450,0.8555993
 315470,0.8555890
 315490,0.8555838
 315500,0.8555786
 315550,0.8555734
 315560,0.8555682
 315570,0.8554956
 315600,0.8554334
 315610,0.8554282
 315620,0.8553712
 315670,0.8553660
 315690,0.8553505
 315720,0.8552623
 315730,0.8552572
 315740,0.8552105
 315770,0.8552053
 315830,0.8552001
 315840,0.8551949
 315860,0.8551898
 315930,0.8551846
 315940,0.8551794
 316000,0.8551690
 316020,0.8551120
 316050,0.8551068
 316220,0.8550705
 316230,0.8550238
 316240,0.8550187
 316260,0.8549979
 316330,0.8549876
 316340,0.8549357
 316350,0.8549150
 316360,0.8549098
 316390,0.8548839
 316570,0.8548683
 316580,0.8548579
 316760,0.8548528
 316770,0.8548476
 316800,0.8548320
 316850,0.8548268
 316860,0.8547802
 316940,0.8547750
 316960,0.8547698
 316970,0.8547491
 316980,0.8547439
 316990,0.8547387
 317010,0.8547335
 317150,0.8546972
 317220,0.8546298
 317450,0.8546039
 317460,0.8545987
 317470,0.8545832
 317480,0.8545676
 317490,0.8545624
 317500,0.8545469
 317510,0.8545365
 317530,0.8545209
 317570,0.8545106
 317580,0.8545054
 317610,0.8544950
 317620,0.8544743
 317670,0.8544639
 317700,0.8544484
 317730,0.8543861
 317740,0.8543810
 317780,0.8543758
 317800,0.8543706
 317860,0.8543602
 317880,0.8543550
 317900,0.8543499
 317920,0.8543447
 317950,0.8543395
 318000,0.8543239
 318020,0.8543187
 318030,0.8543084
 318070,0.8542980
 318080,0.8542825
 318090,0.8542773
 318130,0.8542669
 318140,0.8542565
 318180,0.8542513
 318190,0.8542306
 318230,0.8542099
 318260,0.8541995
 318280,0.8541891
 318330,0.8541684
 318380,0.8541477
 318390,0.8541425
 318460,0.8538832
 318500,0.8537018
 318690,0.8536707
 318770,0.8535255
 318910,0.8534996
 318950,0.8534840
 319010,0.8533959
 319030,0.8533181
 319050,0.8532922
 319070,0.8532611
 319110,0.8530693
 319130,0.8530226
 319340,0.8529863
 319390,0.8528878
 319420,0.8528360
 319460,0.8528100
 319480,0.8527737
 319570,0.8526804
 319660,0.8524990
 319750,0.8524471
 319880,0.8524056
 319990,0.8523693
 320140,0.8523538
 320170,0.8523382
 320190,0.8522812
 320320,0.8522449
 320370,0.8521879
 320420,0.8516331
 320550,0.8516020
 320560,0.8515917
 320570,0.8515813
 320580,0.8515606
 320600,0.8513895
 320610,0.8513739
 320630,0.8513635
 320650,0.8511095
 320680,0.8510317
 320700,0.8510265
 320710,0.8507673
 320920,0.8507621
 320930,0.8507466
 320940,0.8507414
 321010,0.8507362
 321150,0.8507310
 321190,0.8506792
 321210,0.8506221
 321300,0.8505444
 321320,0.8503837
 321440,0.8503370
 321460,0.8502592
 321510,0.8502074
 321700,0.8501296
 321800,0.8500207
 321830,0.8500156
 321850,0.8499896
 321860,0.8499326
 321920,0.8498600
 321970,0.8498030
 322060,0.8497615
 322230,0.8497356
 322240,0.8497097
 322290,0.8496578
 322330,0.8495904
 322380,0.8494556
 322450,0.8494090
 322490,0.8493727
 322510,0.8493312
 322560,0.8492119
 322680,0.8491860
 322700,0.8491445
 322740,0.8491290
 322790,0.8490771
 322970,0.8490616
 322990,0.8489423
 323040,0.8489061
 323080,0.8488335
 323180,0.8487713
 323220,0.8487401
 323250,0.8487039
 323310,0.8486727
 323390,0.8486209
 323620,0.8485794
 323680,0.8485691
 323690,0.8485639
 323720,0.8485535
 323760,0.8485483
 323770,0.8485328
 323780,0.8485172
 323790,0.8485120
 323800,0.8485017
 323830,0.8484861
 323900,0.8484809
 323940,0.8484757
 323960,0.8484083
 323980,0.8484032
 323990,0.8483980
 324020,0.8483876
 324040,0.8483565
 324070,0.8483513
 324110,0.8483461
 324120,0.8483409
 324130,0.8483306
 324140,0.8483254
 324180,0.8483098
 324240,0.8483046
 324250,0.8482995
 324330,0.8482891
 324340,0.8482787
 324380,0.8482632
 324400,0.8480195
 324410,0.8480143
 324420,0.8473040
 324430,0.8472988
 324460,0.8472781
 324520,0.8472263
 324530,0.8472211
 324580,0.8472159
 324630,0.8472107
 324650,0.8471951
 324680,0.8471692
 324710,0.8471640
 324720,0.8471122
 324790,0.8469981
 324810,0.8469774
 324840,0.8469618
 324890,0.8469204
 324930,0.8468996
 324970,0.8466352
 325170,0.8465886
 325200,0.8465730
 325230,0.8465471
 325240,0.8465108
 325310,0.8464538
 325460,0.8463656
 325520,0.8463501
 325540,0.8461427
 325590,0.8461012
 325830,0.8459871
 325940,0.8459249
 326010,0.8458783
 326060,0.8458575
 326090,0.8458212
 326100,0.8457435
 326110,0.8457279
 326150,0.8456761
 326210,0.8456035
 326270,0.8455516
 326360,0.8454842
 326390,0.8454428
 326500,0.8454272
 326630,0.8454220
 326660,0.8453961
 326820,0.8453909
 326830,0.8453805
 326850,0.8453754
 326860,0.8453650
 326890,0.8453598
 326910,0.8453546
 326920,0.8453494
 326930,0.8453443
 326960,0.8453339
 326980,0.8452769
 327080,0.8452717
 327110,0.8452509
 327130,0.8452406
 327160,0.8452302
 327190,0.8452146
 327330,0.8452095
 327350,0.8451991
 327380,0.8451939
 327400,0.8451887
 327430,0.8451835
 327450,0.8451783
 327470,0.8451628
 327490,0.8451576
 327500,0.8451524
 327520,0.8451317
 327540,0.8451058
 327720,0.8451006
 327750,0.8450850
 327830,0.8450695
 327860,0.8450643
 327870,0.8450436
 327890,0.8450332
 327900,0.8450280
 327910,0.8450228
 327920,0.8450176
 327940,0.8450124
 327960,0.8450021
 327970,0.8449969
 327990,0.8449710
 328020,0.8449036
 328240,0.8448465
 328250,0.8448414
 328260,0.8448310
 328420,0.8448206
 328440,0.8448154
 328460,0.8447532
 328480,0.8447480
 328720,0.8447428
 328760,0.8447377
 328770,0.8447169
 328780,0.8447066
 328900,0.8446858
 328930,0.8446806
 328940,0.8446547
 328980,0.8446236
 329150,0.8446184
 329160,0.8446080
 329170,0.8446029
 329240,0.8445925
 329250,0.8438718
 329260,0.8438615
 329290,0.8437837
 329340,0.8437785
 329360,0.8437733
 329370,0.8437681
 329390,0.8437474
 329400,0.8437319
 329410,0.8437267
 329420,0.8437215
 329440,0.8426379
 329450,0.8426327
 329470,0.8426172
 329480,0.8426120
 329490,0.8426016
 329500,0.8425912
 329520,0.8425861
 329550,0.7967804
 329590,0.7966922
 329660,0.7966767
 329680,0.7966041
 329730,0.7965004
 329780,0.7964486
 329790,0.7963967
 329820,0.7963708
 329850,0.7962982
 329870,0.7962567
 329930,0.7962412
 329950,0.7962204
 330000,0.7961634
 330060,0.7961064
 330100,0.7960442
 330160,0.7960182
 330270,0.7959560
 330340,0.7959197
 330370,0.7958316
 330400,0.7957901
 330600,0.7957849
 330610,0.7957694
 330640,0.7957383
 330780,0.7957279
 330820,0.7957175
 330940,0.7957124
 330960,0.7956916
 331250,0.7956864
 331320,0.7956761
 331610,0.7956657
 331670,0.7956450
 331820,0.7956346
 331830,0.7956294
 331840,0.7956087
 331860,0.7956035
 332050,0.7955879
 332060,0.7955620
 332550,0.7955568
 332580,0.7955465
 332650,0.7955361
 332670,0.7954998
 332680,0.7954894
 332790,0.7954842
 332830,0.7954635
 333370,0.7954479
 333420,0.7954220
 333430,0.7954065
 333450,0.7953961
 333520,0.7953391
 333540,0.7952561
 333600,0.7951628
 333690,0.7951369
 333700,0.7950747
 333740,0.7949762
 333760,0.7949710
 333780,0.7949658
 333790,0.7948828
 333830,0.7944732
 333850,0.7944681
 333880,0.7944007
 333900,0.7943851
 333910,0.7943747
 333920,0.7943696
 333930,0.7943644
 333940,0.7943540
 333950,0.7929956
 334000,0.7929438
 334010,0.7929386
 334030,0.7929231
 334060,0.7929023
 334090,0.7928971
 334100,0.7928920
 334120,0.7927416
 334150,0.7926483
 334430,0.7926379
 334440,0.7923476
 334520,0.7923165
 334530,0.7923061
 334550,0.7922957
 334560,0.7922905
 334580,0.7922750
 334640,0.7922698
 334650,0.7922491
 334670,0.7922439
 334680,0.7913210
 334690,0.7913158
 334720,0.7912070
 334730,0.7912018
 334740,0.7911966
 334770,0.7911603
 334780,0.7911551
 334810,0.7911396
 334820,0.7911344
 334850,0.7911292
 334860,0.7901960
 334890,0.7900664
 334910,0.7900560
 334920,0.7900508
 334930,0.7900404
 334960,0.7898953
 334980,0.7898123
 335070,0.7898071
 335080,0.7898019
 335090,0.7897968
 335100,0.7897916
 335120,0.7897812
 335130,0.7897760
 335140,0.7897708
 335230,0.7897657
 335250,0.7897553
 335290,0.7897501
 335350,0.7897294
 335360,0.7897242
 335370,0.7894546
 335600,0.7894494
 335640,0.7891124
 335770,0.7891020
 335780,0.7890917
 335790,0.7890865
 335800,0.7890813
 335810,0.7890761
 335820,0.7890709
 335840,0.7890554
 335860,0.7890502
 335880,0.7890398
 335890,0.7890035
 335900,0.7889983
 336000,0.7889569
 336240,0.7889517
 336260,0.7889413
 336270,0.7889361
 336280,0.7889309
 336320,0.7889258
 336330,0.7889102
 336430,0.7888791
 336460,0.7888324
 336480,0.7887028
 336490,0.7886458
 336580,0.7886302
 336630,0.7886147
 336690,0.7885732
 336810,0.7885680
 336850,0.7885577
 336860,0.7885162
 336890,0.7885110
 336910,0.7884954
 336930,0.7884903
 336940,0.7884643
 336980,0.7882518
 336990,0.7882207
 337000,0.7882155
 337010,0.7882103
 337030,0.7880444
 337040,0.7880392
 337050,0.7880340
 337090,0.7879562
 337120,0.7879511
 337130,0.7879407
 337140,0.7879303
 337210,0.7879251
 337240,0.7866549
 337250,0.7866497
 337290,0.7865927
 337310,0.7865305
 337330,0.7864164
 337340,0.7864112
 337350,0.7864061
 337360,0.7863594
 337570,0.7862920
 337650,0.7862713
 337720,0.7862350
 337790,0.7862039
 337850,0.7861676
 337880,0.7860224
 337910,0.7859602
 337950,0.7859187
 338020,0.7858772
 338030,0.7858409
 338090,0.7857943
 338180,0.7857269
 338320,0.7857061
 338480,0.7856647
 338500,0.7855921
 338540,0.7855558
 338770,0.7855143
 338840,0.7854728
 338870,0.7854365
 338920,0.7853951
 338970,0.7853277
 339060,0.7852966
 339180,0.7852499
 339220,0.7851047
 339250,0.7850736
 339270,0.7850477
 339330,0.7849855
 339360,0.7849596
 339390,0.7848973
 339490,0.7848351
 339540,0.7847781
 339590,0.7847055
 339610,0.7846744
 339630,0.7845811
 339680,0.7845344
 339750,0.7844307
 339770,0.7843737
 339780,0.7843063
 339830,0.7842234
 339870,0.7841715
 339900,0.7841300
 339950,0.7839693
 340030,0.7838915
 340050,0.7838293
 340090,0.7835131
 340110,0.7835079
 340130,0.7834975
 340140,0.7834923
 340150,0.7834871
 340160,0.7834820
 340180,0.7834353
 340230,0.7833938
 340310,0.7833368
 340400,0.7831968
 340500,0.7831761
 340540,0.7831294
 340580,0.7830827
 340610,0.7830205
 340670,0.7829376
 340740,0.7828546
 340770,0.7827665
 340800,0.7826058
 340830,0.7825747
 340890,0.7825539
 341020,0.7824865
 341070,0.7824502
 341120,0.7824191
 341150,0.7823932
 341230,0.7820510
 341240,0.7819940
 341250,0.7819888
 341270,0.7819110
 341280,0.7818955
 341300,0.7818903
 341320,0.7818384
 341350,0.7818333
 341440,0.7817866
 341610,0.7817814
 341640,0.7817659
 341660,0.7817607
 341670,0.7817555
 341750,0.7817244
 341790,0.7816466
 341880,0.7815844
 341900,0.7815792
 341920,0.7815429
 341960,0.7813459
 342000,0.7813407
 342010,0.7813355
 342070,0.7813304
 342100,0.7813148
 342120,0.7812993
 342150,0.7798942
 342170,0.7798787
 342200,0.7798683
 342210,0.7797231
 342220,0.7796817
 342230,0.7796765
 342280,0.7796609
 342290,0.7796557
 342310,0.7796506
 342320,0.7795987
 342350,0.7795832
 342420,0.7795469
 342460,0.7795054
 342470,0.7794484
 342480,0.7793913
 342490,0.7793602
 342530,0.7791839
 342580,0.7791632
 342590,0.7791114
 342610,0.7790180
 342620,0.7788936
 342660,0.7788366
 342690,0.7788158
 342710,0.7787640
 342820,0.7787018
 342890,0.7786292
 342910,0.7785774
 342920,0.7784477
 342950,0.7784166
 342970,0.7783648
 343020,0.7783389
 343030,0.7782352
 343060,0.7782041
 343090,0.7781626
 343110,0.7779656
 343120,0.7779137
 343130,0.7777271
 343140,0.7777167
 343180,0.7775664
 343310,0.7775145
 343320,0.7774782
 343390,0.7774160
 343400,0.7773175
 343420,0.7772968
 343430,0.7772657
 343440,0.7772501
 343450,0.7772034
 343470,0.7771931
 343490,0.7770946
 343510,0.7770790
 343560,0.7769961
 343630,0.7769287
 343650,0.7768924
 343700,0.7767887
 343710,0.7767628
 343750,0.7767368
 343780,0.7767057
 343820,0.7766746
 343840,0.7766539
 343870,0.7765813
 343880,0.7764517
 343930,0.7764102
 343970,0.7763584
 344030,0.7763428
 344050,0.7762287
 344060,0.7761510
 344090,0.7759954
 344140,0.7759747
 344170,0.7759540
 344220,0.7758762
 344240,0.7758555
 344280,0.7757829
 344300,0.7756792
 344340,0.7756221
 344360,0.7755288
 344370,0.7754770
 344390,0.7753940
 344400,0.7753629
 344420,0.7752800
 344430,0.7750933
 344460,0.7750207
 344470,0.7749948
 344480,0.7749378
 344490,0.7749170
 344520,0.7748911
 344540,0.7748756
 344570,0.7748445
 344700,0.7747356
 344770,0.7744660
 344790,0.7744297
 344800,0.7744245
 344810,0.7744193
 344840,0.7743934
 344850,0.7743779
 344860,0.7743623
 344900,0.7743571
 344910,0.7743416
 344920,0.7742068
 344940,0.7741964
 344950,0.7741705
 344960,0.7741549
 344970,0.7741445
 344980,0.7741342
 344990,0.7741238
 345000,0.7740875
 345010,0.7740512
 345020,0.7739838
 345050,0.7739786
 345060,0.7739735
 345090,0.7739579
 345110,0.7739527
 345140,0.7739061
 345150,0.7738853
 345160,0.7738335
 345190,0.7738231
 345210,0.7737194
 345230,0.7736572
 345250,0.7736002
 345260,0.7735950
 345270,0.7735431
 345290,0.7732424
 345300,0.7730869
 345310,0.7730817
 345320,0.7730765
 345330,0.7556253
 345350,0.7555786
 345380,0.7555734
 345390,0.7554075
 345400,0.7554023
 345420,0.7553505
 345450,0.7553453
 345460,0.7552416
 345480,0.7552260
 345500,0.7551431
 345510,0.7551172
 345540,0.7550498
 345590,0.7550342
 345630,0.7549824
 345640,0.7549616
 345660,0.7549357
 345670,0.7548735
 345680,0.7548528
 345690,0.7548476
 345700,0.7547905
 345710,0.7547854
 345730,0.7547698
 345740,0.7547646
 345760,0.7547231
 345770,0.7545832
 345790,0.7545469
 345810,0.7545365
 345820,0.7545313
 345830,0.7545158
 345870,0.7544535
 345890,0.7544484
 345900,0.7544328
 345910,0.7544069
 345930,0.7544017
 345950,0.7543965
 346010,0.7543810
 346020,0.7543550
 346050,0.7543499
 346090,0.7543032
 346110,0.7542773
 346120,0.7542306
 346140,0.7541891
 346160,0.7540647
 346220,0.7540336
 346230,0.7539714
 346250,0.7539195
 346260,0.7538418
 346290,0.7538314
 346300,0.7537796
 346500,0.7537381
 346530,0.7536914
 346540,0.7536551
 346560,0.7536448
 346570,0.7536033
 346600,0.7535670
 346640,0.7535462
 346650,0.7535100
 346690,0.7534633
 346700,0.7532715
 346740,0.7531781
 346770,0.7531626
 346820,0.7531315
 346840,0.7531004
 346910,0.7530900
 346920,0.7530485
 346960,0.7530174
 346970,0.7529967
 347010,0.7529604
 347020,0.7528671
 347080,0.7527945
 347130,0.7527686
 347150,0.7527115
 347170,0.7526960
 347180,0.7526597
 347240,0.7526286
 347250,0.7526234
 347280,0.7525767
 347290,0.7525456
 347310,0.7525301
 347320,0.7524990
 347370,0.7524575
 347400,0.7524471
 347460,0.7523953
 347470,0.7523227
 347500,0.7522916
 347520,0.7522605
 347540,0.7522242
 347580,0.7521153
 347600,0.7520686
 347650,0.7520531
 347660,0.7519961
 347670,0.7519494
 347680,0.7518820
 347700,0.7518457
 347710,0.7518302
 347790,0.7518146
 347840,0.7517939
 347850,0.7517835
 347870,0.7517161
 347980,0.7516902
 348000,0.7516798
 348020,0.7516746
 348050,0.7516435
 348100,0.7516176
 348160,0.7515606
 348180,0.7515346
 348200,0.7514932
 348240,0.7514724
 348260,0.7513998
 348290,0.7513895
 348310,0.7513739
 348320,0.7513376
 348330,0.7513117
 348360,0.7512132
 348370,0.7511406
 348390,0.7510836
 348410,0.7509851
 348500,0.7509384
 348560,0.7507984
 348570,0.7507673
 348580,0.7506895
 348630,0.7506740
 348640,0.7505910
 348670,0.7505029
 348690,0.7504562
 348730,0.7504044
 348740,0.7501659
 348780,0.7501244
 348790,0.7500570
 348840,0.7499637
 348880,0.7499015
 348930,0.7498082
 348960,0.7497874
 348970,0.7497252
 348980,0.7496889
 349010,0.7496215
 349020,0.7494971
 349030,0.7493882
 349070,0.7493830
 349080,0.7493727
 349090,0.7492845
 349120,0.7492742
 349150,0.7491705
 349200,0.7491601
 349280,0.7490668
 349330,0.7489838
 349410,0.7489009
 349490,0.7488957
 349510,0.7488853
 349610,0.7488179
 349650,0.7486572
 349690,0.7486313
 349730,0.7486261
 349740,0.7485794
 349760,0.7485691
 349790,0.7485535
 349860,0.7485328
 349910,0.7485224
 349920,0.7485120
 349960,0.7482787
 349980,0.7482321
 350050,0.7482217
 350060,0.7481802
 350120,0.7479884
 350130,0.7479002
 350310,0.7478588
 350340,0.7478277
 350370,0.7477862
 350390,0.7477032
 350410,0.7476981
 350440,0.7476929
 350450,0.7476255
 350490,0.7475633
 350510,0.7475529
 350550,0.7474544
 350730,0.7474336
 350800,0.7473973
 350820,0.7473870
 350830,0.7473818
 350850,0.7469774
 350870,0.7469515
 350890,0.7469463
 350900,0.7467389
 350910,0.7467234
 350930,0.7467182
 350940,0.7466922
 350950,0.7462516
 350960,0.7462308
 350970,0.7461945
 351070,0.7461271
 351140,0.7460805
 351160,0.7459768
 351180,0.7459405
 351210,0.7457435
 351310,0.7457175
 351340,0.7456813
 351350,0.7456657
 351380,0.7456087
 351420,0.7455257
 351440,0.7453546
 351450,0.7452717
 351470,0.7452457
 351520,0.7452198
 351530,0.7451783
 351560,0.7451732
 351570,0.7450695
 351690,0.7450384
 351730,0.7449710
 351760,0.7449658
 351790,0.7448725
 351800,0.7448414
 351910,0.7447377
 351930,0.7446806
 351940,0.7446547
 351990,0.7444525
 352070,0.7444370
 352110,0.7443851
 352120,0.7443799
 352130,0.7443644
 352250,0.7443592
 352270,0.7442296
 352280,0.7442244
 352300,0.7442140
 352310,0.7442088
 352320,0.7441933
 352330,0.7441674
 352340,0.7441622
 352350,0.7441051
 352370,0.7440481
 352410,0.7440015
 352430,0.7439652
 352440,0.7439496
 352480,0.7439133
 352520,0.7439081
 352530,0.7437837
 352560,0.7437526
 352590,0.7437215
 352680,0.7436904
 352710,0.7436696
 352740,0.7435297
 352760,0.7434519
 352800,0.7433741
 352870,0.7432756
 352930,0.7432445
 352950,0.7427986
 352970,0.7426586
 352990,0.7426535
 353000,0.7425135
 353010,0.7424979
 353020,0.7424927
 353030,0.7424876
 353040,0.7424824
 353050,0.7423787
 353060,0.7423009
 353070,0.7422957
 353080,0.7422802
 353100,0.7422180
 353110,0.7422128
 353120,0.7413988
 353130,0.7412536
 353140,0.7412277
 353150,0.7412225
 353160,0.7412173
 353170,0.7412122
 353180,0.7412018
 353200,0.7411033
 353210,0.7401234
 353220,0.7401130
 353230,0.7400508
 353240,0.7399108
 353280,0.7398953
 353310,0.7398849
 353330,0.7398693
 353360,0.7398538
 353370,0.7398175
 353380,0.7398123
 353390,0.7398071
 353410,0.7398019
 353420,0.7389465
 353440,0.7388532
 353450,0.7388480
 353480,0.7388376
 353510,0.7387184
 353530,0.7382155
 353540,0.7380133
 353550,0.7380081
 353560,0.7378888
 353590,0.7378837
 353610,0.7378733
 353650,0.7378629
 353660,0.7378526
 353790,0.7378163
 353800,0.7377903
 353840,0.7377852
 353860,0.7377748
 353870,0.7377696
 353890,0.7377437
 353920,0.7376866
 353940,0.7376815
 353950,0.7376659
 353960,0.7375726
 353980,0.7375207
 353990,0.7375104
 354010,0.7375052
 354050,0.7375000
 354060,0.7374741
 354090,0.7374378
 354100,0.7374119
 354110,0.7374015
 354140,0.7373911
 354150,0.7373859
 354170,0.7373652
 354180,0.7373445
 354240,0.7373341
 354250,0.7373289
 354260,0.7373185
 354290,0.1720292
